{"version": "1", "message": "ERROR: Hidden Testcases server unreachable.", "problem_id": "ads2_m2_a1_1", "user_id": "sowmya595", "score": {"sample": {"0": {"execution_time": 0.12274599075317383, "passed": true}, "1": {"execution_time": 0.11388301849365234, "passed": true}, "2": {"execution_time": 0.10839700698852539, "passed": true}, "3": {"execution_time": 0.11136102676391602, "passed": true}, "4": {"execution_time": 0.1156458854675293, "passed": true}, "5": {"execution_time": 0.10868048667907715, "passed": true}, "6": {"execution_time": 0.11052989959716797, "passed": true}, "7": {"execution_time": 0.11473512649536133, "passed": true}, "8": {"execution_time": 0.12094688415527344, "passed": true}, "9": {"execution_time": 0.10774421691894531, "passed": true}, "10": {"execution_time": 0.11826372146606445, "passed": true}, "11": {"execution_time": 0.1129615306854248, "passed": true}, "12": {"execution_time": 0.11967730522155762, "passed": true}, "13": {"execution_time": 0.11598682403564453, "passed": true}, "14": {"execution_time": 0.1288459300994873, "passed": true}, "15": {"execution_time": 0.11171627044677734, "passed": true}, "16": {"execution_time": 0.13506793975830078, "passed": true}, "17": {"execution_time": 0.15204787254333496, "passed": true}, "18": {"execution_time": 0.11669278144836426, "passed": true}, "19": {"execution_time": 0.1436448097229004, "passed": true}, "20": {"execution_time": 0.158400297164917, "passed": true}, "21": {"execution_time": 0.11160445213317871, "passed": true}, "22": {"execution_time": 0.17251992225646973, "passed": true}, "23": {"execution_time": 0.17339587211608887, "passed": true}}}, "check_style_score": "0/1"}