{"version": "1", "message": "ERROR: Hidden Testcases server unreachable.", "problem_id": "ads2_m2_a1_1", "user_id": "sowmya595", "score": {"sample": {"0": {"execution_time": 0.4447343349456787, "passed": true}, "1": {"execution_time": 0.11432552337646484, "passed": true}, "2": {"execution_time": 0.11789679527282715, "passed": true}, "3": {"execution_time": 0.11882400512695312, "passed": true}, "4": {"execution_time": 0.10851240158081055, "passed": true}, "5": {"execution_time": 0.1077115535736084, "passed": true}, "6": {"execution_time": 0.10790252685546875, "passed": true}, "7": {"execution_time": 0.12025618553161621, "passed": true}, "8": {"execution_time": 0.12998557090759277, "passed": true}, "9": {"execution_time": 0.10885190963745117, "passed": true}, "10": {"execution_time": 0.11025857925415039, "passed": true}, "11": {"execution_time": 0.12144589424133301, "passed": true}, "12": {"execution_time": 0.1183786392211914, "passed": true}, "13": {"execution_time": 0.12129783630371094, "passed": true}, "14": {"execution_time": 0.11056828498840332, "passed": true}, "15": {"execution_time": 0.12814664840698242, "passed": true}, "16": {"execution_time": 0.19715595245361328, "passed": true}, "17": {"execution_time": 0.13886761665344238, "passed": true}, "18": {"execution_time": 0.15353155136108398, "passed": true}, "19": {"execution_time": 0.14264321327209473, "passed": true}, "20": {"execution_time": 0.15345191955566406, "passed": true}, "21": {"execution_time": 0.1226341724395752, "passed": true}, "22": {"execution_time": 0.17440414428710938, "passed": true}, "23": {"execution_time": 0.16425609588623047, "passed": true}}}, "check_style_score": "0/1"}